screen_name,owner,category,created_at,description
elvicunense,Red de Diarios Comunales,Generalista,2013-04-09 00:43:29+00:00,"Diario Electronico de la Comuna de Vicuna, perteneciente a la Red de Diarios Comunales http://t.co/ohoiO5TodX"
elovallino,Antonio Puga,Generalista,2010-01-07 16:18:18+00:00,Somos el diario mas representativo de la zona. Estamos comprometidos con el desarrollo de nuestra gente y ciudad. Sentimos Pasion por el Limari...
elboyaldia,Asesorias e Inversiones Comunidades Ciudadanas,Generalista,2010-03-22 16:30:47+00:00,El primer diario digital de #Iquique y #Tarapaca. Parte de la red de diarios ciudadanos de @RedMiVoz #LaRegionEsTuya
cooperativa,Fundacion para las Comunicaciones Sociales,Generalista,2007-07-23 22:31:14+00:00,Actualidad Online. Siguenos tambien en https://t.co/OH2JZ3kKye
canal_13c,Inversiones Canal 13,Cultura,2012-05-07 16:20:39+00:00,"Somos un canal cultural chileno, que mira al mundo desde lo local. Somos Cultura Con Otros Ojos. ¡Comenta con #13C! Twitter oficial de 13C."
33temuco,Unknown,Generalista,2014-12-31 01:56:48+00:00,
diariodeaysen,Sociedad Periodistica de Aysen,Generalista,2013-04-04 15:58:55+00:00,
austral_osorno,El Mercurio,Generalista,2009-09-25 17:47:44+00:00,"El Austral, el Diario de Osorno."
radioportalesv,Radio Portales Valparaiso,Musica y Noticias,2010-02-05 21:13:26+00:00,Desde 1960 acompanando a las familias de la V region. Radioemisora AUTÉNTICAMENTE PORTEÑA /89.5 fm/ 840 am #LaPrimeraDeChile
t13,Inversiones Canal 13,Generalista,2009-03-17 20:54:09+00:00,Cuenta oficial de las plataformas informativas del Departamento de Prensa de Canal 13.
diarioelcomunal,Red de Diarios Comunales,Generalista,2010-10-05 02:27:33+00:00,"Diario Electronico Comuna de La Higuera, perteneciente a Red de Diarios Comunales http://t.co/6p8o8X64Mu"
sabrosia,Betazeta Networks,Gastronomia,2012-03-29 19:19:04+00:00,Cualquiera puede cocinar.
bolido_com,Betazeta Networks,Automotriz,2010-10-15 17:08:35+00:00,Corazon de piston.
hoyxhoycl,El Mercurio,Generalista,2012-09-24 19:42:53+00:00,El diario que no tiene precio.
40chileoficial,Grupo Prisa,Musica,2010-08-02 16:28:45+00:00,La radio de los exitos.
el_bulnensino,Unknown,Generalista,2011-07-10 21:49:00+00:00,"Diario Electronico de Bulnes, Provincia de Ñuble, Chile"
radiobravissima,Unknown,Musica y Noticias,2010-05-28 02:05:45+00:00,"BRAVISSIMA 88.7 FM. Una Radio Opinion en la Primera Region. Una Radio noticiosa, pluralista y objetiva"
radiovalparaiso,Comunicaciones Pacifico,Musica y Noticias,2009-04-16 03:12:57+00:00,"Radio Valparaiso escucha tu region 102.5 FM, 121AM y ahora en Tongoy en el 90.9FM. Musica, noticias, opinion y deportes."
el_timeline,Unknown,Generalista,2013-04-28 02:53:26+00:00,Comunidad Informativa de #Antofagasta donde encontraras las noticias que te interesan. Te invitamos a informarte con nosotros ¿Te animas?
tvcontivision,Television Contivision ,Generalista,2012-10-17 22:05:46+00:00,Television Contivision Ltda. Septima Region Del Maule
cosmochile,Editorial Televisa Chile,Mujeres,2011-09-21 19:03:36+00:00,"Somos la revista femenina mas sensual, alegre, segura y sexy de Chile. En el mundo nos leen 75 millones de personas. ¿Te unes? cosmo@televisa.cl"
chilebcl,Unknown,Politica,2012-06-20 15:53:12+00:00,Atrevete a ver la realidad desde otra perspectiva.
uchileradio,Universidad de Chile,Generalista,2009-09-28 16:41:20+00:00,Radio Universidad de Chile La Radio que piensa.
radiosignos,Comunicaciones y Produccion Mauricio Javier Vidal Guerra,Musica y Noticias,2014-03-29 19:59:38+00:00,"Pluralista, transversal y periodistica.  La web magallanica mas potente.  En Punta Arenas y Porvenir en el 96.9 FM"
platosycopas,ByC Comunicaciones,Gastronomia,2009-05-11 02:09:14+00:00,"Revista de gastronomia con recetas, tendencias, novedades gourmet, notas de cata, tragos y mucho, mucho mas."
mt_motores,Copesa,Automotriz,2014-11-11 15:31:11+00:00,Sitio del diario La Tercera que aborda los temas de la industria automotriz de Chile y el mundo
primordialfm,Sociedad Radiodifusora Primordial FM,Musica y Noticias,2009-04-14 13:22:52+00:00,
ucv_tv,Corporacion de Television de la Pontificia Universidad Catolica de Valparaiso,Generalista,2010-04-26 14:44:05+00:00,En familia y en todo Chile.
vallenardigital,Unknown,Generalista,2012-06-19 02:05:18+00:00,
radionuble,Vaccaro Collao Hermanos y Cia,Musica y Noticias,2009-12-13 14:17:40+00:00,Marca Representativa de Ñuble  80 anos al servicio de las comunicaciones.
radiozero977,Copesa,Musica y Noticias,2009-05-19 17:41:01+00:00,97.7 FM en Santiago de Chile | La primera radio carbono neutral de America Latina. Android: http://t.co/l4qNWXlNFq / iPhone: http://t.co/l4qNWXlNFq
elrepuertero,Asesorias e Inversiones Comunidades Ciudadanas,Generalista,2008-02-22 18:24:39+00:00,"Somos el Diario Ciudadano de la Region de #LosLagos, parte de @RedMiVoz, la red de medios digitales con mayor cobertura en #Chile. #LaRegionEsTuya"
soysanantonio,El Mercurio,Generalista,2011-01-17 22:02:33+00:00,Noticias locales de la Region de Valparaiso (V Region). Editado por El Lider de San Antonio.
tusnoticias_cl,Unknown,Generalista,2012-02-29 19:14:10+00:00,"Portal de Noticias, contingencia desde la Region del Libertador de O´Higgins, Rancagua, Santiago y el Mundo"
radioeme,Camilo Montalban Araneda,Generalista,2009-05-09 20:14:41+00:00,"El diario electronico de  la comuna historica,dirigido y editado por el Profesor y Magister en  Historia (Universidad de Chile),Camilo Montalban Araneda"
antofagastatv,CNC Inversiones,Generalista,2009-11-30 17:11:10+00:00,El Canal de Antofagasta
fmpluschile,CNC Inversiones,Musica y Noticias,2014-05-24 21:37:54+00:00,Sin clasicos imposible! 106.9 Antofagasta 93.5 Calama 95.5 Mejillones.
radiosolchile,Universidad Catolica del Norte,Musica y Noticias,2010-01-27 12:54:25+00:00,Radioemisora Antofagastina fundada en 1966
candela_fm,Grupo Bethia,Musica y Entretencion,2011-12-26 15:17:43+00:00,"Twitter Oficial de Radio Candela FM, 95.3 en Santiago. Streaming online para todo Chile en http://t.co/G6B66k1zKr ."
cappissima,Compania Comunicaciones Cappissima,Generalista,2009-08-07 14:36:23+00:00,"Cappissima Multimedial, en los hogares ariquenos desde 1980.El Director Ejecutivo es Jose Toribio Vergara, periodista y academico universitario."
alfaomegacurico,Alfaomega Ingenieria y Comunicaciones,Musica y Entretencion,2012-12-18 20:33:19+00:00,"Radio Alfaomega de Curico. 106.5 FM, nace el 17 de Septiembre de 1992"
rsbchile,Red de Radios San Bartolome,Generalista,2015-01-12 22:52:33+00:00,"Radio de la Region de Coquimbo. Primeros en informacion, primeros en el corazon de los chilenos. Informate en el 96.7 y comenta con #AlertaRSB."
krishnafmantofa,Unknown,Generalista,2010-03-02 23:06:02+00:00,
el_serenense,Red de Diarios Comunales,Generalista,2013-09-08 01:21:52+00:00,"Diario Electronico Comuna de La Serena, perteneciente a Red de Diarios Comunales http://t.co/BHhDxE1e1X"
radiomaxima_fm,Medios de Diaz y Compania,Musica y Noticias,2010-03-20 23:56:02+00:00,"Estudios centrales en la region de Antofagasta, Chle. Transmite a traves del 99.1 del dial y online en http://t.co/Li4XyApSrg"
eldia_cl,Antonio Puga,Generalista,2008-12-11 13:27:28+00:00,"Informacion de la region de Coquimbo. Siguenos para noticias de ultimo minuto, links de notas en http://t.co/rAWigoWyop y RTs de nuestros periodistas"
elperiodicocl,Unknown,Generalista,2009-10-20 17:34:52+00:00,Diario electronico de Temuco y La Araucania.
revistatu_chile,Editorial Televisa Chile,Mujeres,2013-06-04 19:37:27+00:00,"¡Si hablas de ti, hablas de Tu! Todas las novedades de tu revista favorita, estrellas, conciertos, eventos y mucho mas."
radiolasnieves,Empresa Periodistica y Radiodifusora Las Nieves,Generalista,2009-12-28 16:19:12+00:00,102.9 FM - 20 Anos Pensando en ti
tvbiobio,Grupo Mosciatti,Generalista,2013-09-10 15:53:42+00:00,"Actualidad, Analisis e Independencia. ¡Siguenos! Tambien estamos en http://t.co/HuqzrTxcAz"
soytome,El Mercurio,Generalista,2012-01-24 18:41:44+00:00,Noticias locales de la Region del Biobio (VIII Region). Editado por El Sur y La Estrella de Concepcion.
diarioafta,Unknown,Generalista,2011-02-10 01:59:23+00:00,"El Diario de Antofagasta - Noticias de Verdad. Informaciones, entrevistas, fotos y videos con una optica independiente, progresista y contemporanea."
gamba_cl,Unknown,Politica,2010-07-19 00:03:03+00:00,"Humor, Politica y Cultura. Solo las noticias que en verdad importan. Informacion al servicio del Pueblo."
revista_somos,Publicaciones Austral,Crecimiento Personal,2011-12-05 22:55:11+00:00,"El mundo cambia, la gente cambia... ¿Y tu...?
 Somos, la revista que te acompana en tu transformacion personal"
elrancaguino,Sociedad Informativa Regional,Generalista,2009-07-21 15:28:49+00:00,Cien anos al servicio de la Region de O'Higgins.
emol,El Mercurio,Generalista,2010-05-20 15:27:04+00:00,El sitio de noticias de Chile y el mundo.
tvangol,Radio Polar,Generalista,2010-04-21 15:10:10+00:00,"Somos un Canal de Television abierta de Angol, desde Angol y para l@s angolin@s. Estamos en el canal 4 de TV Abierta... Somos Tele Angol Television para ti."
eldefinido,Comercial y Asesoria DIME,Generalista,2012-11-28 21:10:27+00:00,Actualidad propositiva y constructiva. Siguenos y unete a la comunidad que esta cambiando las noticias.
patagondomingo,Sociedad el Patagon Domingo,Generalista,2010-03-25 16:35:52+00:00,Noticias Online desde la Patagonia Aysen. Escribe @patagondomingo y dinos que esta pasando...
nuevamujer,Grupo Metro Internacional,Mujeres,2010-10-25 15:39:56+00:00,"Nueva Mujer Tips, entrevistas, perfiles, datos y mucho mas. Siguenos en https://t.co/BQDBPm7VUU"
dlibertador,Editora El Libertador,Generalista,2012-07-10 21:09:46+00:00,"Diario digital independiente y objetivo, para que la gente este debidamente informada y tome sus propias decisiones en torno a los temas de actualidad"
soycalama,El Mercurio,Generalista,2011-01-17 21:48:00+00:00,Noticias locales de la Region de Antofagasta (II Region). Editado por El Mercurio Calama y La Estrella del Loa.
redarica,Grupo Diarios en Red,Generalista,2012-04-14 15:02:52+00:00,"Diario online de noticias regionales, nacionales y actualidad.Cadena http://t.co/yGIAFkpNaZ Tambien en Facebook: http://t.co/jE80TZn0Gi"
edicionpuntocl,Unknown,Politica,2010-09-05 14:02:39+00:00,Investigacion periodistica. Produccion audiovisual en Duende Verde. Documentos: https://t.co/vT7BfDVEwi Contacto: director@edicion.cl
ultimahoracl,Unknown,Deporte,2009-12-17 16:56:33+00:00,
elhurtadino,Red de Diarios Comunales,Generalista,2013-04-11 22:35:30+00:00,"Diario Electronico Comuna de Rio Hurtado, perteneciente a Red de Diarios Comunales http://t.co/nkpqifNK2I"
diariosenred,Grupo Diarios en Red,Generalista,2013-07-03 21:21:38+00:00,"Somos una red online de noticias regionales, nacionales, actualidad y entretencion - https://t.co/U3e9pImg89"
aricaldia,Unknown,Generalista,2009-09-17 06:08:15+00:00,
radiocarnavalfm,Medios de Sociedad Jose Enrique Gaete y Compania,Musica y Entretencion,2013-02-24 16:13:57+00:00,Oficial cuenta | Cadena nacional de Radio Tropical-Latina con emisoras a lo largo de Chile. Desde Antofagasta a Punta Arenas. #LaQueMasSeEscucha.
radio_festival,Radio Festival,Musica y Noticias,2010-03-03 23:16:45+00:00,Twitter Oficial. La Radio en Colores de Chile nacio en Vina del Mar el 1 de octubre de 1976 en el CB 127 del dial AM.
red_coquimbo,Grupo Diarios en Red,Generalista,2012-04-26 19:43:34+00:00,"Diario online de noticias regionales, nacionales, actualidad y entretencion. Cadena.  http://t.co/aP2e3EaxTJ FansPage: http://t.co/R4lbxRkjPB"
ellanquihue,El Mercurio,Generalista,2009-09-25 20:56:27+00:00,"Diario de la ciudad de Puerto Montt, Region de Los Lagos. Fundado el 12 de febrero de 1885"
revistamensaje,La Compania de Jesus,Religion,2009-05-28 16:39:18+00:00,"Publicacion Mensual de la Compania de Jesus en Chile. Última gran obra del Padre Hurtado; mas de seis decadas de reflexion, orientacion y opinion."
elperiodista,Medios de El Periodista,Generalista,2009-02-01 22:43:22+00:00,"Revista chilena, de actualidad, aparece una vez al mes. Fue fundada en noviembre de 2001 y su director es Francisco Martorell. Valor: $2.000. Fono 232071411"
tribunac,Unknown,Deporte y Noticias,2012-01-02 19:34:56+00:00,"Diario electronico de la Provincia de Colchagua, Region de O'Higgins.  En la web desde el 26 de agosto de 2012. http://t.co/Sk5kgvEMHq"
eldesconcierto,Medios de Ediciones y Publicaciones El Buen Aire,Generalista,2012-06-20 20:40:33+00:00,Prensa digital libre - La verdad es un error colectivo
redantofagasta,Grupo Diarios en Red,Generalista,2012-04-17 14:52:15+00:00,"Diario online de noticias regionales, nacionales, actualidad y entretencion. Cadena http://t.co/XftHKPCJQj -  Tambien en: https://t.co/e27GaM5DMV"
maulee,Portales Regionales,Generalista,2008-02-12 18:05:56+00:00,Las mejores noticias de la region del Maule. Escribenos a noticia@maulee.cl
mass_noticias,Agencia Mass Noticias,Generalista,2013-06-12 15:42:29+00:00,Agencia de Noticias Economicas de la Region de Tarapaca - Chile
zonapublimetro,Grupo Metro Internacional,Inmobiliaria,2013-01-03 13:16:45+00:00,En Zona Inmobiliaria -de la Red Publimetro- encuentras la oferta inmobiliaria de proyectos nuevos del mercado nacional.
ferias_libres,Confederacion Gremial Nacional de Organizaciones de Ferias Libres,Comercio,2010-05-04 20:57:42+00:00,"Somos el gremio nacional, que representa a las ferias libres de Chile, con cerca de 75.000 comerciantes desde Arica a Aysen."
en_pantalla_cl,Unknown,Cine,2015-09-07 01:46:31+00:00,"Somos un portal de cine, donde podras encontrar todo lo que acontece en el septimo arte. Siguenos nosotros te seguiremos..."
laredtv,Grupo Albavision,Generalista,2009-11-20 19:08:30+00:00,Canal de television La Red
buenasaludchile,XYZ Editora,Salud y Belleza,2011-05-10 20:25:00+00:00,"Revista de Salud, Belleza y Bienestar con 22 anos en Chile y Latinoamerica, “LEA BUENA SALUD. PORQUE LEERLA HACE BIEN”. http://t.co/inZ5JOMqE1"
soyantofagasta,El Mercurio,Generalista,2011-01-17 22:54:16+00:00,Noticias locales de la Region de Antofagasta (II Region). Editado por El Mercurio y La Estrella de Antofagasta.
tvu_television,Universidad de Concepcion,Generalista,2012-10-23 12:36:52+00:00,"Canal de TV de la Universidad de Concepcion.
 Único con informaciones 100 % regionales."
radiocontigofm,Sociedad de Inversiones y Telecomunicaciones Vaccaro y Cia.,Musica y Noticias,2013-04-18 02:23:21+00:00,"Radio Fm, 98.5 con 1000 watts de potencia desde la comuna de San Carlos, VIII Region,  Musica, Noticias, Deportes,  Cultura y Entretencion"
laestrellavalpo,El Mercurio,Generalista,2009-09-23 22:48:18+00:00,Diario de la Quinta Region de Chile
misanfelipe,Unknown,Generalista,2010-03-30 15:05:25+00:00,Contactanos / prensa@misanfelipe.cl
lacuarta,Copesa,Generalista,2007-04-02 15:31:51+00:00,Noticias de Chilito y el mundo.
haciendoriqueza,Sonia Saavedra Sanchez,Emprendimiento,2010-08-24 00:05:31+00:00,"#Noticias Arica + #EMPRENDIMIENTO y #Turismo Arica y Parinacota. Lunes a viernes.en #Arica Radio 106.3, de 09:00 a 11:00 Hrs. Conduce Sonia Saavedra."
redaraucania,Grupo Diarios en Red,Generalista,2012-04-26 20:19:59+00:00,"Diario online de noticias regionales, nacionales, actualidad y entretencion. Cadena http://t.co/XftHKPCJQj  - Tambien en: https://t.co/ojtTL1DBKp"
prensaantartica,Unknown,Generalista,2011-03-02 06:48:01+00:00,Informacion y noticias de la Provincia Antartica Chilena
radiopaulafm,Copesa,Musica y Noticias,2009-07-21 14:46:58+00:00,"Musica para disfrutar, noticias que compartir, datos para guardar y una via para conocer tu opinion."
laestrellaiqq,El Mercurio,Generalista,2009-08-05 20:25:10+00:00,
serenaycoquimbo,Unknown,Generalista,2012-11-10 03:36:24+00:00,Somos los ojos del cielo mas limpio del Mundo. https://t.co/2EpUucCjgU
puentealto_pald,Unknown,Generalista,2014-12-21 16:44:24+00:00,Fundado el 14 de Septiembre de 1962-53 anos informando a la Provincia Cordillera
laregiondiario,Medios de Sociedad Periodistica Guayacan Cia,Generalista,2012-08-11 22:48:51+00:00,"Diario La Region, noticias e informaciones de la Region de Coquimbo."
lanalhue,Unknown,Generalista,2009-06-28 06:51:13+00:00,"Diario Ciudadano de la comuna de Canete, provincia de Arauco, Region del Biobio - Chile
 Creado el 14 de enero de 2001"
chilemosaico,Unknown,Cultura,2011-12-19 14:08:08+00:00,Proyecto independiente para difundir eventos y panoramas de la Zona Norte de Chile.
liz_try,Unknown,Generalista,2012-02-23 19:35:44+00:00,"REVISTA LIZ TRY nace con la idea atrevida y transgresora de hacer una revista diferente, para un lector,  que le guste pensar, opinar y expresarse libremente."
el_amaule,Asesorias e Inversiones Comunidades Ciudadanas,Generalista,2010-03-11 20:05:09+00:00,"Somos el Diario Ciudadano del #Maule, parte de @RedMiVoz, la red de medios digitales con mayor cobertura en #Chile. http://t.co/72IIYS2l"
revistaqp,Copesa,Generalista,2010-07-29 20:24:37+00:00,"La revista semanal lider en Chile. Actualidad, Politica, Negocios y Cultura. https://t.co/Grlmzyte1r"
estrellaconce,El Mercurio,Generalista,2009-04-15 00:49:02+00:00,
futurafmoficial,Sociedad Radiodifusora y Periodistica del Maule,Musica y Noticias,2012-06-08 21:14:57+00:00,"La N° 1 Juvenil del Maule, Radio Futura - En Todas Contigo."
radiofmtiempo,Grupo Bezanilla,Musica,2010-09-03 15:18:41+00:00,"En Santiago, Papudo, San Antonio y Concepcion. Desde 1984. Online en http://t.co/WJ9m8KuEq9
 
 Los Clasicos de tu Tiempo"
iquiquetv,Medios de Luis Flores Cabezas Producciones Televisivas y Eventos,Generalista,2010-01-15 14:43:25+00:00,"Canal 25.1 de Television Digital Abierta, TVD, 102 de VTR D-Box, y On Line en http://t.co/QtZxfTqzn2"
ddivisadero,Sociedad Editora y Periodistica La Verdad,Generalista,2011-06-24 14:19:35+00:00,21 anos al servicio de la comunidad de la region de Aysen. Solo noticias regionales.
verticetv,Medios de Vertice Comunicaciones,Generalista,2009-04-23 01:09:01+00:00,"Vertice TV es un medio de comunicacion independiente y pluralista, considerando a las personas en sus intereses por informacion y entretencion."
soycopiapo,El Mercurio,Generalista,2011-01-17 21:56:11+00:00,Noticias locales de toda la Region de Atacama (III Region). Editado por El Diario de Atacama.
belelu,Betazeta Networks,Mujeres,2009-05-11 20:59:43+00:00,No somos el club de Lulu. Cuenta administrada por @ale_spuhr. Una comunidad de @Betazeta.
estrella_toco,El Mercurio,Generalista,2010-04-09 13:31:28+00:00,Fundada el 12 de febrero 1924
norteminero_cl,El Mercurio,Mineria,2013-07-28 03:41:28+00:00,Con Norte Minero siempre estas informado del acontecer minero nacional e internacional: Revista + Programa radial + Sitio web (Desde 1998)
diariolabrador,"Sociedad Periodistica e Impresora
Sociedad Periodistica e Impresora El Labrador",Generalista,2011-06-30 04:49:05+00:00,"Twitter Oficial del Diario El Labrador de Melipilla, Patrimonio Historico de la Region del Maipo"
rmuyinteresante,Editorial Televisa Chile,Ciencia y Tecnologia,2012-12-20 14:23:29+00:00,Somos la revista Muy Interesante de Chile
elepicentro,Medios de Consorcio Periodistico El Epicentro,Generalista,2009-08-22 06:19:24+00:00,"Periodico de distribucion gratuita: Valparaiso, Quilpue, V. Alemana, Casablanca, Curauma, Placilla,  y Vina del Mar.  info@elepicentro.cl
 http://t.co/KknrKMJY"
revistacapital,Cristalerias de Chile / Electro Metalurgica,Economia,2009-02-18 20:41:19+00:00,"La primera revista chilena orientada -desde una perspectiva integral- a hombres y mujeres de negocios, ejecutivos y profesionales."
acuerdoscl,Casa de la Paz,Medio Ambiente,2011-05-24 15:41:36+00:00,Un espacio para el debate socio-ambiental y la participacion ciudadana. Buscamos que individuos organizados incidan en pos de lo sustentable. De @casadelapaz
montecarlocl,Sociedad Radiodifusora Montecarlo,Musica y Noticias,2011-11-02 20:21:21+00:00,"Me acompana, me informa, me entretiene. #MontecarloCL ¡me gusta! Escuchanos en el 102.7 y venos en radiomontecarlo.cl."
biobiotv,Grupo Mosciatti,Generalista,2008-05-03 16:47:48+00:00,
putaendoinforma,Patricio Gallardo Montenegro,Generalista,2011-06-17 22:36:45+00:00,Desde el 17 de Junio de 2011 informando del acontecer comunal. Putaendo Informa ¡¡Primeros de Verdad!!. Primeros en la Noticia. Con un equipo 100% en terreno.
elmontepatrino,Red de Diarios Comunales,Generalista,2013-03-21 05:17:40+00:00,"Diario Electronico Comuna de Monte Patria, perteneciente a Red de Diarios Comunales http://t.co/rjOEs5jy2v"
rsumen,Unknown,Generalista,2010-09-17 16:53:28+00:00,Periodico web y en formato impreso mensual distribuido en el Gran Concepcion. Actualizacion diaria de noticias en la web
radiousach,Universidad de Santiago,Generalista,2011-01-12 14:45:44+00:00,
latercera,Copesa,Generalista,2007-04-02 15:22:14+00:00,"El diario de Chile. Noticias, conversacion, opinion y otros contenidos destacados de http://t.co/h2mpRUhOmt. Sigue la actualidad deportiva en @lt_deportes."
laperladelimari,Red de Diarios Comunales,Generalista,2014-01-08 23:26:00+00:00,"Diario Electronico Comuna de Ovalle, perteneciente a Red de Diarios Comunales http://t.co/tbYHUf3EJm"
radiouniverso,Fundacion para las Comunicaciones Sociales,Musica y Noticias,2009-09-24 20:12:52+00:00,Clasicos del Pop y el Rock. Tambien estamos en https://t.co/Mgyyo7heKW
veoverde,Betazeta Networks,Medio Ambiente,2008-11-04 10:44:34+00:00,El futuro es verde. Una comunidad de @Betazeta.
prensatuciudad,Tu Ciudad Virtual,Generalista,2010-01-27 19:47:28+00:00,
fmok,Comunicaciones Mia,Musica y Entretencion,2009-03-10 18:27:45+00:00,"Somos la primera cadena joven de radios del centro norte de Chile. Estar bien, es estar Ok."
elmostrador,La Plaza,Generalista,2008-01-29 04:20:54+00:00,El primer diario digital de Chile
radiopolar,Organizacion Comercial Radio Polar,Musica y Noticias,2010-01-29 23:05:09+00:00,
soyosorno,El Mercurio,Generalista,2011-01-17 20:57:30+00:00,Noticias locales de la Region de Los Lagos (X Region). Editado por El Austral de Osorno.
deportesarica,Unknown,Deporte,2010-01-04 19:22:39+00:00,Correo administrador@deportesarica.cl  Nuestra pagina no tiene relacion directa con el club San Marcos de Arica.
clave9cl,Unknown,Generalista,2011-10-14 13:52:32+00:00,Diario Electronico con noticias de La Araucania (Chile) actualizadas las 24 horas del dia
elvileno,Red de Diarios Comunales,Generalista,2014-09-26 18:37:21+00:00,"Diario Electronico Comuna de Los Vilos, perteneciente a Red de Diarios Comunales http://t.co/ZlGfU8gpGu"
radiox_valdivia,El Conquistador FM,Generalista,2012-09-29 23:38:17+00:00,Valdivia 102.9 FM / Villarrica-Pucon 95.3 FM | Fono 63-2-360029 | Una Empresa del Grupo El Conquistador FM
elnaveghable,Asesorias e Inversiones Comunidades Ciudadanas,Generalista,2009-03-29 02:58:40+00:00,"Somos el Diario Ciudadano de la Region de #LosRios, parte de @RedMiVoz, la red de medios digitales con mayor cobertura en #Chile. #LaRegionEsTuya"
diarioatacama,El Mercurio,Generalista,2009-05-29 04:10:28+00:00,"Somos el portal en internet del Diario Atacama, con las noticias e informaciones de Copiapo y la region de Atacama."
rockandpop,Grupo Prisa,Generalista,2011-03-01 14:22:18+00:00,El Gran Sonido
nacioncl,Comunicaciones LANET,Generalista,2007-11-15 19:04:58+00:00,"Diario La Nacion online. Siguenos en https://t.co/hY3IZoDuZ6 / ¿Deportes? Si, en @Nacion_Triunfo / Y tambien somos @nacion_Politica"
girovisualtv,CNN Chile,Generalista,2010-08-11 20:59:24+00:00,"Somos el Canal de television de la V Region, asociados al canal de noticias mas grande de Chile y el mundo, Cnn Chile. corresp. de C13, Chv y Portavoz Noticias"
ferplei,Betazeta Networks,Deporte,2009-08-26 21:36:18+00:00,Cuenta Oficial del portal Ferplei. Todo lo que necesitas saber del futbol lo encuentras junto a nosotros. #SomosFerplei
el_salamanquino,Red de Diarios Comunales,Generalista,2013-04-11 23:35:58+00:00,"Diario Electronico de la Comuna de Salamanca, perteneciente a Red de Diarios Comunales http://t.co/f9rRYixtyG"
radioorocoipo,Radiodifusora Jara Carrasco ,Musica y Entretencion,2012-04-23 13:56:27+00:00,Radio Emisora con profundo servicio a la comunidad y a las personas con capacidades diferentes. Arturo Jara Carrasco (propietario) les saluda con un gran abrazo
mundoacuicola,Sociedad Medios Comunicaciones,Aquicultura,2009-09-09 13:40:00+00:00,
congresofm,Comunicaciones Eugenio Gonzalez E.I.R.L.,Musica y Noticias,2013-11-09 17:19:11+00:00,Twitter Oficial de la Sabrosita de la Frecuencia Modulada en la V Region
sonarfm,Inversiones Canal 13,Musica,2009-03-02 14:58:06+00:00,
soypuertomontt,El Mercurio,Generalista,2011-01-17 20:48:13+00:00,Noticias locales de la Region de Los Lagos (X Region). Editado por El Llanquihue.
diarioelpilin,Unknown,Generalista,2010-02-25 21:56:55+00:00,"Grupo de Libre Pensadores iconoclastas que van por la vida, como la vida misma, sin pitutos ni nostalgias anejas.                  Mail: diarioelpilin@gmail.com"
laciudad,Sociedad Radiodifusora Alborada,Musica y Noticias,2009-08-27 20:43:45+00:00,Radio La Ciudad Puerto de Lebu transmite en el 88.9 Fm
soychillan,El Mercurio,Generalista,2011-01-17 21:39:29+00:00,Noticias locales de la Region del Biobio (VIII Region). Editado por Cronica Chillan.
pucontv,Arcaya y Arcaya Producciones,Generalista,2009-09-30 21:00:29+00:00,"PuconTV Mas Cerca De Ti. 
 El Canal de la gente de Pucon."
quillotadigital,Unknown,Cultura y Entretencion,2013-07-22 18:38:01+00:00,Tu ciudad en la web
terrachile,Terra Networks Chile,Generalista,2009-07-09 14:30:55+00:00,"El portal numero uno de Chile en noticias, deportes y entretencion"
rnuevomundo,Partido Comunista de Chile,Musica y Noticias,2011-06-26 16:50:07+00:00,"Red de Emisoras Nuevo Mundo. En todo el pais. Escribenos, Denuncia. Se parte de Radio Nuevo Mundo, solo la verdad."
sitiocero,Unknown,Generalista,2011-04-06 12:24:57+00:00,"Comunicacion, cultura, comunidad y humanidad son nuestros temas. Compartir, escribir, leer, comentar, difundir, preguntar, crear, conversar son nuestros verbos."
radiomaray,Sociedad Comercial Latorre y Zlatar,Musica y Noticias,2009-12-11 17:42:37+00:00,Twitter oficial de  la radio del Dakar
revista_paula,Copesa,Mujeres,2009-07-18 23:26:19+00:00,"Twitter oficial de Revista Paula, Chile. Contenido con visualidad, visualidad con contenido. Siguenos tambien en facebook, instagram y pinterest."
biobiodeportivo,Unknown,Deporte,2013-10-22 01:35:49+00:00,
radiobuenanueva,Sociedad Radio Buena Nueva ,Musica y Noticias,2010-01-14 18:54:25+00:00,Radio Buena Nueva FM 97.9  Linares - Chile  ♪♫ Estudios Centrales Freire Nº452 Fonos 732210302 Whatsapp +56950520721
diarioelcoqbano,Red de Diarios Comunales,Generalista,2013-10-11 15:33:24+00:00,"Diario Electronico Comuna de Coquimbo, perteneciente a Red de Diarios Comunales http://t.co/lmpp2p2oVp"
antofacity_com,Unknown,Generalista,2010-08-23 19:02:37+00:00,Twitter oficial del portal informativo http://t.co/0932qyFvxy
caribefm,Edna Cristel Fernandez Sanchez,Musica y Noticias,2009-08-23 02:46:05+00:00,"Radio Iquiquena, dedicada a difundir musica del recuerdo."
desiertofm,Unknown,Musica y Entretencion,2009-04-26 10:47:18+00:00,Sigue a nuestros locutores: @jeannettesaabu @cesararayaradio @pvarelachile y todas las noticias en @region2cl
radioquellon,Servicios de Radio Difusion Pedro Felidor Roa Barrientos ,Musica y Noticias,2010-03-11 11:47:50+00:00,La primera radioemisora Fm del sur de la isla Grande de Chiloe. Fundada el 30 de Agosto de 1985.
losriosdeporte,Unknown(LRD),Deporte,2012-05-06 23:09:06+00:00,Diario electronico deportivo de la Region de Los Rios. Somos EquipoCapital
radiorancagua,Unknown,Generalista,2009-08-04 18:12:07+00:00,"Radio Rancagua 99.5 ¡NUEVO DIAL! Fm.Somos la emisora mas antigua del pais.    Musica,Noticias,Deportes,Cultura,Realidad."
elmagallanews,Asesorias e Inversiones Comunidades Ciudadanas,Generalista,2010-10-19 17:01:48+00:00,Somos el Diario Ciudadano de la Region de #Magallanes y la #Antartica. Y tambien formamos parte de @RedMiVoz. #LaRegionEsTuya
latribunacl,Sociedad Nacional de Agricultura,Generalista,2013-09-11 19:17:56+00:00,"Noticias de la Provincia del Bio Bio // Informar es nuestro trabajo, la verdad nuestro compromiso. #LaTribuna #Noticias"
radio_camila,Sociedad Radiodifusora Gomez Cerda y Cia.,Musica y Noticias,2010-09-04 02:37:36+00:00,"Desde 1994 acompanando a la provincia de Biobio y el mundo, en https://t.co/YPxYbu2Lsn , sumate tu tambien !!! info en prensa@radiocamila.com"
somosmelipilla,Unknown,Generalista,2013-07-16 02:01:37+00:00,"Noticias, Tips, Entretencion y Panoramas... Somos Provincia, Somos Comunidad, Somos Melipilla http://t.co/oH42ERbVRS - info@somosmelipilla.cl"
la_segunda,El Mercurio,Generalista,2009-11-05 20:01:25+00:00,Acompanamos tu dia con los temas que hacen noticia en Chile y el mundo. ¡Tambien encuentranos en Facebook! http://t.co/kC8az4gChk
chilevision,CNN Chile,Generalista,2010-03-18 20:47:33+00:00,Te ve de verdad.
rectvcanal13,Inversiones Canal 13,Archivos,2014-03-29 01:39:53+00:00,"Somos el canal #retro de la television chilena. Revive momentos clasicos de teleseries, programas infantiles, reportajes y estelares de la mano de @canal13."
la7talca,Unknown,Generalista,2010-12-04 13:46:46+00:00,Sitio de noticias y canal de television online del Maule con la mejor programacion para ti.
soyvalparaiso,El Mercurio,Generalista,2011-01-17 22:14:41+00:00,Noticias locales de la Region de Valparaiso (V Region). Editado por El Mercurio de Valparaiso y La Estrella de Valparaiso.
soyconcepcion,El Mercurio,Generalista,2011-01-17 21:49:12+00:00,Noticias locales de la Region del Biobio (VIII Region). Editado por El Sur y La Estrella de Concepcion.
cnnchile,CNN Chile,Generalista,2008-12-19 19:09:28+00:00,Somos la cuenta oficial en Twitter de CNN Chile.
soyvaldiviacl,El Mercurio,Generalista,2011-01-17 21:09:03+00:00,Noticias locales de Region de Los Rios (XIV Region). Editado por El Austral de Los Rios.
diariopenquista,Unknown,Generalista,2013-01-13 05:04:26+00:00,"Diario electronico del Gran Concepcion. Denuncias, noticias y CP a diariopenquista@gmail.com. Concepcion, Chile"
viax,Television Interactiva (TVI),Musica,2008-10-13 21:14:39+00:00,Twitter OFICIAL del canal de cable chileno VIA X
elpunitaquino,Red de Diarios Comunales,Generalista,2013-04-22 21:31:58+00:00,"Diario Electronico Comuna de Punitaqui, perteneciente a Red de Diarios Comunales http://t.co/q6F9vL9woz"
elobservatodo,Asesorias e Inversiones Comunidades Ciudadanas,Generalista,2008-12-21 00:48:02+00:00,Vemos bajo el agua y somos el primer diario digital de #Coquimbo. Parte de la red de diarios ciudadanos de @RedMiVoz #LaRegionEsTuya
inettvdigital,Sociedad Inet Television Digital,Generalista,2011-05-28 20:27:36+00:00,"Somos el primer canal digital HD de la region Canal 25.1-25.2 HD Canal 2 , canal 3 VTR y 39 Telefonica-GTD"
lamegafm_iquiqu,Unknown,Transito y Noticias,2011-05-10 19:44:06+00:00,
radioisadorafm,Unknown,Musica y Noticias,2011-10-12 19:57:01+00:00,
s_schwartzmann,Salvador Schwartzmann,Reportero,2009-07-26 12:07:55+00:00,"Resumen de tuits y noticias, con casi todas las del momento, para estar siempre informados"
radiopaulina,Nunez y Compania,Musica y Noticias,2009-11-29 03:54:26+00:00,Emisora lider en comunicacion social en la Region de Tarapaca desde 1983... la primera de la primera... la que mas se escucha porque te escucha...
elmuro_digital,Polibio-Ideas SPA,Generalista,2015-02-18 17:38:31+00:00,Diario Electronico especializado en noticias politicas y economicas de Chile.
estrelladearica,El Mercurio,Generalista,2011-01-17 20:36:24+00:00,Twitter del Diario La Estrella de Arica
radiocorazonfm,Grupo Prisa,Musica y Entretencion,2010-02-22 20:19:42+00:00,"Fundada el 6 de febrero de 1997, desde septiembre de 2005 es la numero 1 del dial."
redmaule,Grupo Diarios en Red,Generalista,2010-02-24 00:37:11+00:00,"Diario online de noticias regionales, nacionales, actualidad y entretencion. Cadena http://t.co/XftHKPCJQj - Tambien en: https://t.co/YLsMLbCekm"
diarioenaccion,Unknown,Generalista,2009-06-23 19:52:19+00:00,Desde Valdivia para el mundo...
serpadreschile,Editorial Televisa Chile,Familia,2014-08-25 21:43:41+00:00,Revista Ser Padres Chile
elcomunicadorcl,Unknown,Generalista,2012-11-10 02:06:11+00:00,
diarioelmarino,El Marino,Generalista,2011-02-27 18:08:09+00:00,"Diario independiente, pluralista y veridico. Fundado el 30 de abril de 2013. Director: @elpichilemino"
wayerless,Betazeta Networks,Tecnologia,2008-08-04 20:20:55+00:00,Dosis diarias de celulares en espanol. Cuenta administrada por el equipo Wayerless. Una comunidad de @Betazeta.
contemporaneafm,Medios de Sociedad Jose Enrique Gaete y Compania,Musica y Entretencion,2009-07-30 14:36:53+00:00,"Radio Contemporanea FM, mas exitos en San Felipe y Los Andes: 97.5, Papudo y La Ligua: 100.7"
diariolahora,Copesa,Generalista,2009-04-29 16:33:31+00:00,Diario chileno de distribucion gratuita
pinguinodiario,Patagonica Publicaciones,Generalista,2009-04-14 15:16:21+00:00,La plataforma comunicacional mas grande de la #Patagonia chileno-argentina. Diario / Radio / TV / Web
armoniaonline,Sociedad de Difusion Armonia ,Religion,2010-08-18 15:49:37+00:00,Armonia es un Ministerio Cristiano que busca difundir las verdades y practicas cristianas reveladas en las Sagradas Escrituras
fmdos,Grupo Prisa,Musica y Entretencion,2010-03-03 14:12:40+00:00,Tu espacio para el amor y la musica de los dos.
aconcaguanews,Unknown,Generalista,2011-06-07 22:40:11+00:00,"Somos un medio Pluralista sin compromisos politicos ni economicos. Medio Autonomo, desarrollado por un equipo de profesionales jovenes del valle de Aconcagua."
elpaihuanino,Red de Diarios Comunales,Generalista,2013-04-08 21:01:23+00:00,"Diario Electronico de la Comuna de Paihuano, perteneciente a Red de Diarios Comunales http://t.co/g4s0H7FalD"
radionostalgica,Servicios de Publicidad y Comunicaciones Punto Creativo,Musica y Noticias,2009-09-05 08:30:41+00:00,Twitter Oficial Radio Nostalgica FM
radioelquina,Municipalidad de Vicuna,Musica y Noticias,2013-06-10 19:14:20+00:00,"Radio de la comuna de Vicuna. 100.5 FM, al aire desde el 01 de febrero de 2013, senal on line en http://t.co/ChE3wwmJTG."
diario_eha,Unknown,Generalista,2012-07-05 16:07:21+00:00,60 anos comunicando
caraschile,Editorial Televisa Chile,Actualidad,2009-09-02 21:50:34+00:00,Estamos con los personajes y los temas que mueven a Chile y al mundo. Con una actualidad que no pasa de moda.
diarioovallehoy,Sociedad Periodistica Banic y Lancellotti,Generalista,2013-04-01 01:36:44+00:00,"Somos el diario electronico mas leido de Ovalle y la provincia. Todas las Noticias Online del Limari en tres horarios: 08:00, 15:00 y 21:00 hrs. Siguenos"
americaeconomia,America Economia Media Group,Economia y Empresas,2009-04-15 01:10:18+00:00,AmericaEconomia
estrellachiloe,El Mercurio,Generalista,2010-04-14 19:25:30+00:00,Diario de Chiloe
ciudadinvisible,Unknown,Cronica,2011-07-18 23:10:25+00:00,"Cronica, opinion y periodismo independiente desde Valparaiso, Chile."
quintavision,Oliver y Compania,Generalista,2009-09-09 02:35:48+00:00,"Quinta Vision, es un canal de television local, el cual emite su programacion a traves de la frecuencia 9 del cable operador VTR"
elandacollino,Red de Diarios Comunales,Generalista,2013-01-16 04:05:35+00:00,"Diario Electronico de la Comuna de Andacollo, perteneciente a Red de Diarios Comunales http://t.co/Z8zSnbDwMF"
transmediachile,Unknown,Tecnologia,2008-07-08 21:43:47+00:00,"Twitter oficial de www.transmedia.cl  Noticias sobre Tecnologia, Internet, marketing, redes sociales y lo que pase por aca. Twitter del editor es @mromerochile"
informarte,Unknown,Cultura y Entretencion,2009-07-01 14:53:01+00:00,Un espacio libre y pluralista para la cultura de la Region de Antofagasta.
ccauqueninocom,Unknown,Generalista,2011-04-02 18:33:57+00:00,"Nuestra idea es conectar a nuestra gente Cauquenina, y juntos cada dia ser mejores y un aporte real a Chile."
portalohiggins,Unknown,Turismo y Noticias,2009-05-04 15:41:42+00:00,"Red Social de Noticias y Turismo de la Region de O'Higgins, Chile. Verdaderamenre Regional - menciona @portalohiggins y cuentanos que ocurre en tu comuna!"
cambio21cl,Sociedad Periodistica Cambio ,Politica y Economia,2010-07-06 16:21:28+00:00,"Mas que noticias
 Siguenos tambien en 
 https://t.co/lQ8lbIn49w"
adnradiochile,Grupo Prisa,Musica y Noticias,2010-10-11 23:56:10+00:00,Twitter oficial de Radio ADN 91.7. Emisora miembro de @PRISARadio.  Whatsapp: +56977727572 | Senal online: https://t.co/uTTW9AdI3L
elquintopoder,Fundacion Democracia y Desarrollo,Generalista,2010-03-11 17:59:37+00:00,Elquintopoder es el poder ciudadano. Tu opinion es Accion Responsabilidad – Inclusion – Colaboracion – Aceptacion – Respeto
concordia_arica,Unknown,Generalista,2014-02-21 04:35:03+00:00,"Diario digital http://t.co/DcqUypBvvj
 Enterate de todas las noticias de Arica, Chile y el mundo a traves de nuestro moderno e independiente portal web."
digitalfmchile,El Mercurio,Musica y Noticias,2009-09-01 23:16:39+00:00,"Twitter oficial de Radio Digital Fm. Al aire en nuestras frecuencias desde Arica a Punta Arenas. Digital Fm, es mas."
diarioelhuemul,Unknown,Generalista,2012-06-04 02:02:27+00:00,Diario Digital de la Provincia de Palena
ahoranoticiasan,Grupo Bethia,Generalista,2009-07-18 22:23:30+00:00,Mantente informado al instante con https://t.co/T62LJQp0Y4. Comunicate con @ahoranoticiasAN y https://t.co/VNx0JbteZQ
soyiquique,El Mercurio,Generalista,2011-01-17 20:45:07+00:00,Noticias locales de la Region de Tarapaca (I Region). Editado por La Estrella de Iquique.
glamoramacl,Copesa,Entretencion,2011-07-05 22:16:27+00:00,"Sitio de entretencion dedicado a las celebridades chilenas y del mundo. El minuto a minuto de la farandula. Personajes, eventos, estilo."
diarioelnortino,Unknown,Generalista,2009-12-07 11:55:53+00:00,"Nuestro medio no vive culpando a alguien, es labor del Tribunal. Nosotros informamos sin emitir juicios de valor, ni condenas, educamos. Somos periodistas."
realcondorito,Editorial Televisa Chile,Humor,2012-07-17 20:31:03+00:00,"Nacido y criado en Pelotillehue, fiel a mi Yayita y fanatico del Tome Pin y haga Pum. Soy la cuenta oficial de Condorito en Twitter."
agriculturafm,Publicaciones y Difusion,Musica y Noticias,2009-04-29 17:05:20+00:00,Radio Agricultura 79 anos Junto a ti. https://t.co/mDYiQlPbNf 92.1FM y 570AM
revistacosas,Editorial Tiempo Presente ,Actualidad,2009-09-04 19:42:56+00:00,Somos una revista internacional. Siguenos en Instagram: @revistacosas y Facebook: https://t.co/mEFbhlrHiB
soyquillota,El Mercurio,Generalista,2011-01-17 21:55:31+00:00,"Noticias locales de las provincias de Quillota y Petorca, y las comunas de Limache y Olmue en la V Region de Valparaiso. Editado por La Estrella de Quillota."
niubie_com,Betazeta Networks,Videojuegos,2010-05-25 19:00:11+00:00,Ociosos profesionales.
tele13_radio,Inversiones Canal 13,Musica y Noticias,2015-03-30 19:30:32+00:00,Cuenta Oficial de Tele13Radio / 103.3FM / #EsHoraDeEscucharnos
prensaenlinea6,Unknown,Generalista,2013-12-10 18:05:18+00:00,La Region de  O'Higgins es Noticia
elaconcagua,Marcelo Jara Olivares,Generalista,2011-05-24 15:04:48+00:00,Fundado el 23 de agosto del 2005
ancoafm,Radio Ancoa de Linares,Musica y Noticias,2011-03-03 14:58:57+00:00,Radio Ancoa desde 1976 La Radio de Linares. 103.5 FM. - Estudios Centrales Rengo Nº 959. Fonos (56-73) 2612320 / 2612325.  Whatsapp +56945010474.
estrella_loa,El Mercurio,Generalista,2010-04-09 19:00:13+00:00,
revistamujerlt,Copesa,Mujeres,2012-04-10 01:48:01+00:00,"La revista mas leida de Chile, circula cada domingo junto al diario La Tercera."
pulso_tw,Copesa,Economia,2011-11-24 20:52:03+00:00,Twitter oficial de Pulso. La primera multiplataforma para la comunidad de negocios en el pais.
itvnoticias,ITV Patagonia,Generalista,2011-03-16 15:36:00+00:00,Informativo del canal de Television Regional de Magallanes ITV Patagonia.
infinitafm,Grupo Bezanilla,Musica y Entretencion,2009-09-01 22:12:15+00:00,100.1 FM en Santiago. http://t.co/Zsaj3EVOca
24horastvn,Estado de Chile,Generalista,2009-11-15 19:23:17+00:00,Informate con la plataforma online del departamento de prensa de TVN. Ahora en web y moviles. Tambien en http://t.co/fFdxcBqeTD
redbiobio,Grupo Diarios en Red,Generalista,2012-02-20 14:39:51+00:00,"Diario online de noticias regionales, nacionales, actualidad y entretencion. Cadena http://t.co/XftHKPCJQj  - Tambien en: https://t.co/ivH2qNIE6f"
elsurcl,El Mercurio,Generalista,2009-05-17 04:00:11+00:00,
lun,El Mercurio,Generalista,2014-09-03 16:04:25+00:00,Cuenta oficial del Diario Las Últimas Noticias en Twitter. Tenemos gatos en la oficina. Somos luncom en Snapchat
radiouvm,Universidad Vina del Mar,Musica y Noticias,2009-12-21 14:30:14+00:00,Twitter oficial de Radio UVM de la Universidad Vina del Mar
soycoronel,El Mercurio,Generalista,2012-01-24 18:31:41+00:00,Noticias locales de la Region del Biobio (VIII Region). Editado por El Sur y La Estrella de Concepcion.
radiobeethoven,Copesa,Musica,2010-05-19 16:34:22+00:00,Radio Beethoven 96.5 Santiago - 100.3 Santo Domingo
radiomariachile,Corporacion Radio Maria,Religion,2009-10-23 19:03:52+00:00,Una Radio de Oracion y Evangelizacion. Una buena senal para Chile. 24 hrs al dia. Nuestra Mision: Llevar a Cristo al corazon de los hombres.
punto9,Unknown,Musica y Entretencion,2009-08-17 18:41:40+00:00,La mezcla perfecta para el adulto contemporaneo. [Fanpage http://t.co/7bGgggSPi7] [Senal online http://t.co/m3MlIPflip] [✉️ radio@punto9.cl] [☎️072-2585511]
mega,Grupo Bethia,Generalista,2009-04-24 13:01:17+00:00,Twitter oficial de MEGA. Facebook: http://t.co/3RtCV6mg9O
mqltv,Producciones y Asesorias Gou Infotaiment,Generalista,2010-01-29 21:31:16+00:00,"MQLTV, Mejor que la Television: un portal de noticias, un canal por Youtube. Buscanos en http://t.co/7lzz0DBAWV."
redlosrios,Grupo Diarios en Red,Generalista,2012-04-26 20:21:41+00:00,"Diario online de noticias regionales, nacionales, actualidad y entretencion. Cadena http://t.co/XftHKPCJQj  - Tambien en: https://t.co/rqc7S1Oma4"
womenshealthcl,Editorial Televisa Chile,Mujeres,2012-01-30 18:14:37+00:00,"Los mejores consejos de fitness, belleza, salud, sexo, alimentacion y mucho mas estan en Women's Health CL. ¡Es increible ser tu! revistawh@televisa.cl"
elquiglobal,CEPT Comunicaciones,Generalista,2011-02-18 13:33:32+00:00,"Periodico digital del Valle del Elqui, con informaciones de: Paihuano, Vicuna y La Serena. Fundado el 10 de octubre del 2010 por CEPT Comunicaciones."
revatacamaviva,Gestion y Comunicaciones San Lorenzo,Cultura y Entretencion,2012-03-28 16:02:53+00:00,Somos la revista cultural de la Region de Atacama. Cobertura y difusion de todas las areas de desarrollo regional. Buscamos ser la ventana de Atacama al mundo.
cesar_maturana,Cesar Maturana,Gastronomia,2009-10-18 04:15:37+00:00,"PERIODISTA, COCINERO, NATIVO DIGITAL Y GLOTON, CRONISTA GASTRONOMICO  EN http://t.co/6V2IJhghFu  DERECHISTA DE LA DIESTRA MOMIA.  Y QUE?  INFORMADO Y FELIZ"
biobio,Grupo Mosciatti,Generalista,2008-05-03 15:15:06+00:00,Usa @biobio y cuentanos todo lo que ocurre en tu ciudad. ¡Siguenos y mantente informado minuto a minuto!
revistaed,Cristalerias de Chile / Electro Metalurgica,Decoracion,2011-08-09 15:47:57+00:00,Revista chilena de decoracion y estilo de vida.
elvacanudo,Asesorias e Inversiones Comunidades Ciudadanas,Generalista,2008-12-04 12:30:47+00:00,"Somos el Diario Ciudadano de #Osorno, parte de @RedMiVoz, la red de medios digitales con mayor cobertura en #Chile. #LaRegionEsTuya"
elqhaydecierto,Asesorias e Inversiones Comunidades Ciudadanas,Generalista,2010-07-22 14:56:22+00:00,El primer diario digital de #Atacama. Parte de la red de diarios ciudadanos de @RedMiVoz #LaRegionEsTuya #Copiapo #Chanaral #Huasco
redvalparaiso,Grupo Diarios en Red,Generalista,2012-04-26 19:52:12+00:00,"Diario online de noticias regionales, nacionales y actualidad. Cadena http://t.co/XftHKPCJQj - Noticias al minuto. Tambien en: https://t.co/jXuNttZyKx"
pagina7chile,Grupo Mosciatti,Generalista,2014-07-11 21:13:43+00:00,"Portal de noticias creado en Concepcion, parte de la red de medios de BioBio Comunicaciones y BioBioChile."
radio_romantica,Grupo Bezanilla,Musica y Entretencion,2009-11-11 14:51:59+00:00,
portalnet,Unknown,Humor y Noticias,2009-04-28 02:52:38+00:00,"Portalnet, una de las comunidades mas grande Chile; Actualidad, noticias, entretencion, cochinadas y humor, mucho humor."
rengonotas,Unknown,Generalista,2010-06-27 23:02:07+00:00,
lt_finde,Copesa,Entretencion,2014-05-23 20:19:33+00:00,Somos el suplemento de panoramas de @latercera. Encuentranos en nuestro sitio web y en https://t.co/v5Nk5JaHB3
fmconquistador,El Conquistador FM,Generalista,2010-05-04 17:09:44+00:00,"Radioemisora fundada en 1962. Una red FM para todo Chile, de Arica a Punta Arenas"
soytemuco,El Mercurio,Generalista,2011-01-17 21:30:50+00:00,Noticias locales la Region de La Araucania (IX Region). Editado por El Austral de La Araucania.
radioduna,Copesa,Musica y noticias,2009-04-15 14:06:18+00:00,89.7 Santiago / 104.1 V Region / 90.1 Concepcion / 99.7 P.Montt / Iphone: http://t.co/1yHYt3H1mW / Android: http://t.co/GyHWNgQ6TE
la_cav,Club de Amantes del Vino (CAV),Vinos,2010-03-12 15:37:06+00:00,"Cuenta twitter oficial de revista LA CAV y del Club de Amantes del Vino, primer club de vinos de Chile fundado en 1997"
elfracaso,Unknown,Actualidad,2009-06-30 16:01:56+00:00,Una victoria moral desde 2008. contacto@elfracaso.cl
onemichile,Estado de Chile,Alertas,2010-02-08 13:36:38+00:00,Cuenta oficial de la Oficina Nacional de Emergencia del Ministerio del Interior y Seguridad Publica (ONEMI)
canal13,Inversiones Canal 13,Generalista,2010-11-16 18:38:02+00:00,Twitter oficial de Canal 13. Te contamos todo lo que sucede con nuestros programas y plataformas.
biutcl,Copesa,Mujeres,2010-09-21 21:11:19+00:00,"¡Hey, mujeres, aqui estamos! Estilo, fashion, sexo, amor, belleza y mucho mas.   Pueden escribirnos a contactobiut@gmail.com"
publichanaral,Unknown,Generalista,2010-09-26 15:02:02+00:00,"Visita http://t.co/zoijDG5bAC informacion, noticias, fotos, descargas,. Visita nuestro canal en youtube http://t.co/ByMTE0VfHg."
nuevahorizonte,Inversiones Canal 13,Generalista,2013-03-06 20:36:14+00:00,Tu musica sigue sonando || Descarga nuestra app para iPhone http://t.co/rdiNxBf6Dm    y Android http://t.co/AXEpCaEopw
ciper,Copesa,Generalista,2009-04-21 03:16:33+00:00,"Centro de Investigacion Periodistica. Si tienes algun dato que compartir, puedes escribirnos a contacto arroba ciperchile.cl"
play_fm,Inversiones Canal 13,Musica,2008-03-26 16:35:39+00:00,"Amamos la musica y disfrutar de las cosas simples. Estamos al aire en la 100.9, haciendo que tu dia suene mejor."
mercuriovalpo,El Mercurio,Generalista,2009-07-31 16:40:28+00:00,
futurofm,Grupo Prisa,Musica y Entretencion,2009-07-22 21:03:38+00:00,La radio del rock
redtarapaca,Grupo Diarios en Red,Generalista,2012-04-26 19:14:32+00:00,"Diario online de noticias regionales, nacionales y actualidad.Cadena http://t.co/yGIAFkpNaZ  - Tambien en Facebook: http://t.co/cDF0ornVvd"
vanidadeschile,Editorial Televisa Chile,Mujeres,2012-06-11 14:22:07+00:00,"Revista chilena femenina lider. Moda, belleza, vida sana, realeza, Hollywood y mas... ¡Entre mujeres nos entendemos!"
zonalatina,Television Interactiva (TVI),Musica,2009-10-28 18:32:19+00:00,Twitter OFICIAL del canal de cable chileno ZONA LATINA
soyarica,El Mercurio,Generalista,2009-07-03 21:11:42+00:00,Noticias locales de la Region de Arica y Parinacota (XV Region). Editado por La Estrella de Arica.
revistatvgrama,Holanda Comunicaciones,Entretencion,2010-12-10 23:22:34+00:00,"TV-Grama y TV-Grama Pop, marcas  lideres en el mercado editorial del pais. http://t.co/Y0VzLwvbQX  y http://t.co/QAcgpem4HW"
buenosdiascurac,Unknown,Generalista,2012-11-12 13:23:30+00:00,"Sitio dedicado a promover la actividad local de la comuna mas linda de Chile, Curacavi"
diario_pyme,Grupo Metro Internacional,Economia y Empresas,2009-06-19 19:43:40+00:00,Punto de encuentro de emprendedores y empresarios. Canal de economia y emprendimiento de @PublimetroChile
fmmusicx,Unknown,Musica y Noticias,2012-03-30 11:23:36+00:00,La 106.3FM de Curacavi Somos la Radio mas escuchada del sector
publimetrochile,Grupo Metro Internacional,Generalista,2009-07-06 04:36:46+00:00,"Cuenta oficial del diario gratuito mas leido de Chile, con updates de noticias, deportes, espectaculos, mujeres, autos y mas. Tambien en https://t.co/TgG3Q7VaVp"
fayerwayer,Betazeta Networks,Tecnologia,2007-07-24 23:34:13+00:00,Tu dosis diaria de tecnologia en espanol desde 2005. Cuenta administrada por @soyeldany (DN) y los editores de FW. Una comunidad de @Betazeta.
canalbangtv,Television Interactiva (TVI),Musica,2010-01-11 13:42:21+00:00,Twitter OFICIAL del canal de cable chileno BANG TV
portalviregion,Sociedad Periodistica Portales,Generalista,2010-03-01 04:11:02+00:00,"El portal de la VI Region!!!
 para todos los amigos que se quieren mantener informados del acontecer de la Region de O'Higgins"
elconcecuente,Asesorias e Inversiones Comunidades Ciudadanas,Generalista,2010-12-04 01:12:26+00:00,"Somos el Diario Ciudadano de la Region del #BioBio, miembro de @RedMiVoz, la red de medios digitales con mayor cobertura en #Chile. #LaRegionEsTuya"
laotravoz,Unknown,Generalista,2009-11-16 20:43:06+00:00,Medio digital dedicado a comunicar desde la otra vereda. ¿Cual es nuestra linea editorial? Ciudadana y social. Entra a la familia LOV
vlanoticia,Sociedad Radiodifusora Cheis,Generalista,2009-06-21 05:09:00+00:00,"Noticias, reportajes, entrevistas, opinion, denuncias, todo lo que debes saber sobre Curico y el Maule."
ladiscusioncl,Universidad de Concepcion,Generalista,2009-08-11 16:03:46+00:00,"Diario de Chillan y la provincia de Ñuble. Fundado el 5 de febrero de 1870, es el segundo periodico en circulacion mas antiguo de Chile."
radiopudahuel,Grupo Prisa,Musica y Entretencion,2011-12-08 19:46:46+00:00,Escuchanos on line en http://t.co/nfNXtPdlrr
redatacama,Grupo Diarios en Red,Generalista,2012-11-30 13:31:40+00:00,"Diario online de noticias regionales, nacionales, actualidad y entretencion. Cadena http://t.co/XftHKPCJQj - Tambien en: https://t.co/xQSLINUtzd"
tiemposemanario,Sociedad Periodistica Tiempo Cia.,Economia y Noticias,2012-08-12 04:11:53+00:00,Noticias sobre el Desarrollo y Economia de la Region de Coquimbo
ellongino,Empresa Periodistica America ,Generalista,2013-03-11 17:34:41+00:00,"Diario El Longino. Mas cerca de usted cada dia, con informaciones de Iquique y las comunas de la region de Tarapaca."
eldemocratacl,El Democrata,Generalista,2015-02-27 19:20:46+00:00,#periodismo #libre #independiente #participa #transparenciaeditorial #regeneracion #democracia
acciondeongs,Asociacion Chilena de Organismos No Gubernamentales,ONGs,2009-04-24 21:36:04+00:00,"La Asociacion Chilena de Organismos No Gubernamentales, ACCIÓN, representa a sus ONG socias en pos del fortalecimiento democratico y la participacion ciudadana."
elmartutino,Asesorias e Inversiones Comunidades Ciudadanas,Generalista,2009-09-11 15:55:07+00:00,El primer diario digital de #Valparaiso. Vivimos la cultura portena y somos miembros de la red de diarios ciudadanos de @RedMiVoz #LaRegionEsTuya
radioactivafm,Grupo Prisa,Musica,2009-08-04 22:03:49+00:00,Escuchanos on line en http://t.co/Lom0J7a10o
huella_digital,Unknown,Comunicacion Visual,2010-06-24 22:16:49+00:00,"Agencia periodistica especializada en comunicacion visual. Operamos desde Valparaiso, lo suficientemente lejos de Santiago de Chile"
diarioeltrabajo,Sociedad de Comunicaciones El Trabajo,Generalista,2011-02-22 16:02:20+00:00,"Somos el Diario mas antiguo del Valle de Aconcagua, fundado el 24 de febrero de 1929. Estamos en la red desde el 24 Feb. de 2000."
proclamacion,Unknown,Religion,2011-09-02 20:21:12+00:00,Escuchanos en 96.5 FM ARICA
publimetro_tv,Grupo Metro Internacional,Generalista,2012-03-28 13:21:51+00:00,"Visita PublimetroTV, el sitio de videos de Publimetro, el diario numero uno del mundo y el mas leido de Chile. Videos de noticias, deportes, virales y mucho mas"
arteallimite,Arte al Limite,Cultura,2009-04-16 19:28:50+00:00,Libros de lujo | Revista | Periodico | Galeria de arte online | Sitio web de Arte Contemporaneo
soytalcahuano,El Mercurio,Generalista,2012-01-24 18:26:39+00:00,Noticias locales de la Region del Biobio (VIII Region). Editado por El Sur y La Estrella de Concepcion.
elcanelino,Red de Diarios Comunales,Generalista,2013-04-11 05:32:47+00:00,"Diario Electronico Comuna de Canela, perteneciente a la Red de Diarios Comunales http://t.co/MDVGUKMc1f"
canal5linares,Comunicaciones del Sur,Generalista,2012-04-29 20:21:53+00:00,TV5 Senal Abierta en el Maule Sur y pronto Digital en todo el Maule. Av.Rengo nº959. Fono (+56-73) 2612320.  Medio asociado a @AncoaFM
oasisfmchile,Inversiones Canal 13,Musica,2013-01-28 20:43:10+00:00,"Somos la nueva Radio Oasis, 102.1. Visita nuestro sitio http://t.co/qdNuYLcDKY y siguenos en Facebook e Instagram @oasisfmchile ¡Vive hoy!"
positivafmchile,El Mercurio,Musica y Entretencion,2011-01-21 14:15:23+00:00,Radio Positiva FM ¡¡La mas alegre de Chile!! de Iquique a Punta Arenas y en todo el mundo en http://t.co/KcrbrnBlWc fono: 600 24 27 600 - 22 753 4454
diariolider,El Mercurio,Generalista,2009-09-05 00:47:34+00:00,
teledos_noticia,Universidad Autonoma de Chile ,Generalista,2010-01-11 18:22:22+00:00,"Noticias verdaderamente regionales 09:00 / 14:00 / 17:00 / 21:30 / 00:00
 Universidad Autonoma de Chile Television"
lavozdemaipu,Mono Manco,Generalista,2008-10-07 18:49:47+00:00,Periodico Online/Impreso de la comuna de Maipu. ¡Siguenos!
valdiviacapital,Unknown(LRD),Generalista,2010-05-04 17:48:18+00:00,El Portal de noticias de la Region de Los Rios. Somos EquipoCapital
radiodisneyla,Copesa,Infantil,2010-08-10 01:09:17+00:00,Cuenta unica oficial de la cadena Radio Disney Latinoamerica.
rreloncavi,Sociedad Rene Salinas Palacios,Musica y Noticias,2015-10-07 12:20:06+00:00,Radio Reloncavi- La radio con mas historia en Puerto Montt
tarapaca_online,Sociedad de Comunicaciones Brava,Generalista,2012-01-05 20:50:25+00:00,Nuevo Sitio de Noticias de la Region de Tarapaca.
queilencl,Unknown,Generalista,2012-04-23 21:40:43+00:00,Web desarrollada por queilinos @felipe_carcamo @keilina @pi4lejandra ...Tenemos por mision dar a conocer Queilen y sus bellezas. http://t.co/qWzmrHZal1
dfinanciero,Cristalerias de Chile / Electro Metalurgica,Economia y Empresas,2009-08-07 19:25:57+00:00,Twitter oficial de Diario Financiero Online. Actualizacion minuto a minuto de noticias e indicadores.
elsoldeiquique,Unknown,Generalista,2010-06-12 23:01:27+00:00,"El Sol de Iquique es un periodico digital. Medio de comunicacion hecho para los lectores de Iquique, de Chile, el mundo y sus alrededores..."
tvn,Estado de Chile,Generalista,2010-01-19 19:39:31+00:00,Somos el twitter oficial de Television Nacional de Chile. Acompananos comentando con #TVN
carta_abierta,Unknown,Generalista,2011-04-10 15:59:40+00:00,"Medio pluralista e independiente de Concepcion. Ventana al acontecer de nuestras comunidades. Periodismo riguroso, serio y con un profundo apego a la verdad."
dichatoaldia,Unknown,Generalista,2009-05-04 04:24:52+00:00,"Noticias, Informacion de nuestro querido Dichato y sus alrededores"
choapanoticias,Unknown,Generalista,2013-05-13 17:44:54+00:00,"Noticias del Choapa: Illapel, Salamanca, Los Vilos y Canela. Administra periodista @gabrielcarvajal e Ingeniero @cesarmery. Facebook http://t.co/eYoRKAmGto"
gennesisfm,Unknown,Musica y Noticias,2010-02-05 13:32:34+00:00,"Radio Gennesis FM 92.7 Copiapo y 103.3 Caldera. 20 anos al servicio de la entretencion e informacion. Lo mejor de los 70, 80, 90 y lo mas nuevo en musica."
conciertoradio,Grupo Prisa,Musica y Entretencion,2011-03-17 20:52:13+00:00,Solo grandes canciones. 88.5 en Santiago.
gvalpo,Unknown,Generalista,2009-05-04 21:50:10+00:00,El primer diario electronico de columnas de opinion escrito por los ciudadanos. Pensando a Chile desde una de sus regiones.
soyarauco,El Mercurio,Generalista,2012-01-25 14:43:06+00:00,Noticias locales de la Region del Biobio (VIII Region). Editado por El Sur y La Estrella de Concepcion.
lajugueramag,Medium Comunicaciones,Cultura,2013-03-13 14:56:59+00:00,Revista Cultural. Circulamos en papel y por la Web. Directora @aledelgado Editora @monselina Periodista @oscaraspillaga Diseno: @ideuso #VALPARAÍSO
elliberocl,Sociedad Periodistica El Libero,Generalista,2014-08-01 21:39:51+00:00,La realidad como no la habias visto.
radioudec,Universidad de Concepcion,Generalista,2009-11-03 19:43:47+00:00,"Radio de la Universidad de Concepcion. Transmite en la provincia de Concepcion, Chile, por el 95.1 FM. Fue fundada en 1959"
lapulentanews,Corporacion Cultural La Pulenta,Generalista,2010-03-15 12:16:00+00:00,"Periodico Digital (antes Impreso) Entrevistas, Reportajes/Investigacion y Noticias. Web http://t.co/UxUPBVHXAZ Analizamos todo, estilo La Pulenta Claro"
chw_net,Betazeta Networks,Tecnologia,2008-07-23 20:22:05+00:00,La comunidad de hardware mas leida de Latinoamerica desde el 2003
elparadiario14,Asesorias e Inversiones Comunidades Ciudadanas,Generalista,2008-10-07 16:01:05+00:00,Somos el primer diario digital local de la Region Metropolitana. Miembro de la red de diarios ciudadanos de @RedMiVoz #LaRegionEsTuya
australtemuco,El Mercurio,Generalista,2009-04-22 15:30:01+00:00,El diario de la region de La Araucania.
radio_amiga,Sociedad Comunicacional Monte Sinai,Generalista,2010-03-13 03:06:53+00:00,"Radio Amiga se encuentra en el aire desde 1986, cubre gran partes de las provincia de Llanquihue, Chiloe y Palena."
ucvradio,Corporacion de Television de la Pontificia Universidad Catolica de Valparaiso,Musica y Noticias,2009-11-07 05:53:43+00:00,"UCV Radio. 103.5 FM: Informacion, musica, noticias, deportes, servicios. El mejor sonido desde la V Region. Fanpage: https://t.co/qOFMaOWsXP"
cronicachillan,El Mercurio,Generalista,2009-06-27 14:42:19+00:00,"Cronica Chillan es un periodico editado en Chillan, provincia de Ñuble, Region del Biobio. La primera edicion salio a la venta el dia 30 de junio de 2008."
fm_joven,Unknown,Musica y Entretencion,2011-06-24 23:29:51+00:00,Disfruta Ser Joven | Llamanos al +56 32 2591618
radioubbchile,Universidad del Bio-Bio,Generalista,2015-04-06 00:15:16+00:00,"Radio Universidad del Bio-Bio, 48 Anos al Servicio de la Comunidad."
elmorrocotudo,Asesorias e Inversiones Comunidades Ciudadanas,Generalista,2007-05-02 04:07:29+00:00,El primer diario digital de #Arica y #Parinacota. Parte de la red de diarios ciudadanos de @RedMiVoz #LaRegionEsTuya
universal_chile,Unknown,Musica y Noticias,2011-03-09 15:49:11+00:00,"Programas en vivo, informacion, entretencion, deportes y mucho mas por Radio Universal.-"
elrancahuaso,Asesorias e Inversiones Comunidades Ciudadanas,Generalista,2008-01-11 22:36:59+00:00,"El primer diario digital de #OHiggins. Vivimos nuestras raices en comunidad, y somos miembros de la red de diarios ciudadanos de @RedMiVoz #LaRegionEsTuya"
estrella_antofa,El Mercurio,Generalista,2009-08-08 02:42:39+00:00,
maipuciudadano,Unknown,Generalista,2012-05-20 03:45:31+00:00,"Diario On Line de Maipu con informacion independiente y abierto a la opinion constructiva. Una mejor ciudad es posible, solo si estas dispuesto a tenerla."
portaldemeli,Portal de Melipilla ,Generalista,2009-08-19 19:02:26+00:00,Toda la actualidad de Melipilla y sus alrededores de una manera rapida y oportuna. Somos el medio electronico mas importante y actualizado de la Comuna.
mineriachilena,Editec,Mineria,2010-04-27 13:13:14+00:00,Informacion de lo que sucede en la industria minera. Siguenos tambien en http://t.co/RIPIIRI9CR
elsiglochile,Partido Comunista de Chile,Politica,2014-09-11 00:05:17+00:00,"Periodico semanal, fundado el 31 de agosto de 1940, dirigido por Hugo Guzman;  disponible en kioscos todos los viernes, contacto@elsiglo.cl"
fotoquinta,Fotoquinta Comunicaciones,Generalista,2009-05-20 16:08:16+00:00,Diario Electronico en Fotoquinta.cl
ritoquefm,Unknown,Musica y Entretencion,2010-03-29 20:10:21+00:00,"Radioemisora portena especializada en Rock Clasico y Folclore. Nuestro dial es el 107.9 FM, Valparaiso y Vina del Mar. #DerechoAlRock"
aconcaguaradio,Sociedad Radio Aconcagua ,Musica y Noticias,2012-03-15 18:18:09+00:00,91.7 FM-159 AM. La radio de todos. Twitter oficial
datoavisos,El Mercurio,Avisos Clasificados,2010-08-18 19:11:12+00:00,Revista gratuita + leida de la RM con 180 mil ejemplares. Creada hace 34 anos x #PLC de #ElMercurio. Segmentada x comuna y ahora cada miercoles con @lun
red_ohiggins,Grupo Diarios en Red,Generalista,2012-02-20 19:59:17+00:00,"Diario online de noticias regionales, nacionales y  actualidad. Cadena http://t.co/XftHKPCJQj - Noticias al minuto. Tambien en: https://t.co/UljZ8hGqnV"
region2cl,Unknown,Generalista,2011-12-21 04:16:38+00:00,Portal de Noticias de la Region de Antofagasta
rtl_linares,Unknown,Musica y Entretencion,2012-06-22 20:37:28+00:00,"Radio Tropical Latina (RTL), Linares 95.3 FM y Talca 910 AM.         Telefono Auditores (073) 215040 - (073) 2472101."
enlineamaule,Luis Verdejo Vega,Generalista,2014-05-27 15:51:52+00:00,Portal de Noticias Apuntado principalmente a la Region del Maule. Siguenos tambien en facebook en En Linea Maule
redloslagos,Grupo Diarios en Red,Generalista,2012-04-26 20:27:43+00:00,"Diario online de noticias regionales, nacionales, actualidad y entretencion. Cadena http://t.co/XftHKPCJQj  - Tambien en: https://t.co/OrJ5gHzBR2"
diarioenlalinea,Unknown,Generalista,2011-08-18 01:07:35+00:00,"Diario informativo digital con noticias de Calama, El Loa y la Region de Antofagasta."
enfdig,Enfoque Digital,Generalista,2014-05-22 18:30:21+00:00,
aquasocial,Editec,Aquicultura,2011-04-05 11:35:39+00:00,Somos uno de los principales medios informativos del sector acuicola y pesquero en Chile y el mundo.
canalartv,Television Interactiva (TVI),Cultura,2010-05-07 17:50:58+00:00,"Desde 1992, el unico canal chileno dedicado 100% a la cultura. En VTR (canal 43 en RM, 58 en V Region, 37 en VI y 59 en VII), Claro (126, RM)."
el_ciudadano,Sociedad Periodistica El Ciudadano,Generalista,2008-04-19 17:43:02+00:00,El Ciudadano es un medio de comunicacion de circulacion mensual en papel y funcionamiento diario en la web. Prensa Libertaria para Chile!!
verdadahoracl,Unknown,Generalista,2011-06-21 20:01:48+00:00,"Verdad Ahora es un medio independiente que investiga la corrupcion de gobiernos, corporaciones e instituciones."
diarioconce,Universidad de Concepcion,Generalista,2009-11-16 16:26:24+00:00,"EL VALOR DE LA OPINIÓN en la Octava Region.  Diariamente, en quioscos y  junto a La Tercera."
chiloealdia,Unknown,Generalista,2012-03-08 15:01:12+00:00,Las noticias relevantes de Chiloe. Por @mtoroyarzo y Rigo Cids desde la Region de los Lagos
etctv_oficial,Grupo Bethia,Infantil,2010-05-27 17:35:41+00:00,"Somos ETC. La mejor programacion en la TV; la mejor conversacion, por aca."
austral_losrios,El Mercurio,Generalista,2009-09-04 16:30:25+00:00,"Principal medio de comunicacion escrito de la Region de Los Rios, fundado el 28 de noviembre de 1982."
elnortero,Asesorias e Inversiones Comunidades Ciudadanas,Generalista,2008-06-30 04:38:50+00:00,"El primer diario digital de #Antofagasta, #Tocopilla y #ElLoa. Parte de la red de diarios ciudadanos de @RedMiVoz #LaRegionEsTuya"
telecanal,Telecanal Canal Dos,Generalista,2010-03-09 17:32:34+00:00,Twitter Oficial
thecliniccl,Ediciones y Publicaciones Bobby,Actualidad,2009-11-02 14:58:20+00:00,Firme junto al pueblo
eo_enlinea,Empresa Periodistica El Observador,Generalista,2009-11-30 15:24:19+00:00,#Noticias con enfasis en las historias locales de las provincias de  #Quillota #Petorca #MargaMarga #SanFelipe #LosAndes #Valparaiso Fundado el 26-09-1970
laprensacurico,Empresa Periodistica Curico ,Generalista,2011-04-08 16:20:35+00:00,El Diario de la Region del Maule
betazeta,Betazeta Networks,Generalista,2008-06-25 15:38:55+00:00,Medios de comunicacion masiva.
elgraficochile,Grupo Metro Internacional,Deporte,2010-03-08 23:22:30+00:00,La plataforma deportiva mas completa de Chile.
estrategiacl,Editorial Gestion,Economia y Empresas,2010-07-15 20:54:34+00:00,Twitter Oficial de Estrategia. El Diario de Negocios de Chile. http://t.co/Jaem7F8GxS
tacometrochile,Grupo Metro Internacional,Automotriz,2010-01-08 17:15:51+00:00,"Universo multimedia de Publimetro Motores: Revista y suplemento Autos, programa TacometroTV La Red y Vive. Lanzamientos, pruebas de autos, videos, reportajes."
elinsular1,Troya Comunicaciones,Generalista,2011-11-04 00:26:01+00:00,http://t.co/iImXrcvM3T
diarioelcentro,Editora El Centro Empresa Periodistica,Generalista,2009-12-23 20:18:52+00:00,Medio de comunicacion lider en informacion en la Region del Maule. FACEBOOK: Diario El Centro INSTAGRAM: @diario_el_centro_
eltipografo,El Tipografo,Generalista,2009-04-23 14:20:55+00:00,El Diario Gratuito de Rancagua y la Region de O'Higgins. Ubicanos al 22342151
lanotacl,Unknown,Generalista,2013-02-13 22:42:36+00:00,Somo un medio independiente que no responde a colores politicos ni a intereses comerciales.
canal2tvchile,Unknown,Generalista,2009-08-14 13:33:59+00:00,Canal 2 TV San Antonio
carabdechile,Carabineros de Chile,Alertas y Seguridad,2010-03-01 18:57:47+00:00,"@Twitter Oficial de Carabineros de #Chile. Por este medio, informamos y prevenimos. Ante emergencias, marque el fono 133."
taconeras,Editorial Televisa Chile,Mujeres,2009-07-21 15:34:20+00:00,"Comunidad de Blogs femeninos de las Revistas Cosmopolitan, Tu ItGirl, Vanidades, Women´s Health, Seventeen, Ser Padres Embarazo, Ser Padres y Taconeras Trends."
mercurioafta,El Mercurio,Generalista,2009-08-02 01:29:01+00:00,Diario El Mercurio de Antofagasta. 104 anos de informaciones.
el_dinamo,Ediciones Giro Pais,Generalista,2010-10-01 16:03:08+00:00,Informate y se parte de @el_dinamo comentando en nuestra redes
vtvcanal2,Sociedad de Comunicaciones Salto del Soldado,Generalista,2012-10-18 01:55:52+00:00,"Twitter oficial del principal canal de television del Valle del Aconcagua Chile. Venos en Canal 2 (senal abierta), 25 (digital), 14 (cable VTR) 67 cable luxor"
elclarindechile,Unknown,Politica y Economia,2009-08-30 19:23:03+00:00,
radiocarolina,Copesa,Musica y noticias,2009-07-01 06:33:43+00:00,La mas prendida! Santiago 99.3 - Arica 90.3 - Iquique 91.3 - La Serena 104.1 - Vina del Mar 98.9 - Concepcion 91.7 - Temuco 106.3 - Pucon y Villarrica 99.9
imagina881,Grupo Prisa,Musica,2010-05-12 19:16:53+00:00,Radio Imagina 88.1 - Lo mejor de tu vida
sancarlosonline,Unknown,Generalista,2010-01-27 16:59:11+00:00,"Diario electronico, con informacion independiente."
prensacarinosa,Sociedad Comercial Marva,Musica y Entretencion,2013-09-13 11:17:05+00:00,
radiopalomafm,Radiodifusora Paloma,Musica y Entretencion,2009-11-04 13:16:58+00:00,"1977-2016. Cubriendo Talca y el Valle Central de la Region del Maule, 97.5 F.M. https://t.co/yAXeMtinLG Fonos 56- 712216701-712216702-712216703"
chanarcillo,Alberto Bichara,Generalista,2011-05-13 21:22:25+00:00,Fundado el 16 de Diciembre del Ano 1991. Medio de comunicacion escrito con circulacion impresa en toda la Region de Atacama
elcombarbalino,Red de Diarios Comunales,Generalista,2013-04-12 02:40:55+00:00,"Diario Electronica Comuna de Combarbala, perteneciente a Red de Diarios Comunales http://t.co/sLgMnBcnwz"
laprensaustral,Empresa de Publicaciones La Prensa Austral,Generalista,2011-04-19 13:23:09+00:00,Twitter oficial de La Prensa Austral. El diario de Magallanes.
laopinon,Asesorias e Inversiones Comunidades Ciudadanas,Generalista,2008-03-08 01:14:14+00:00,"Somos el Diario Ciudadano de la Region de la #Araucania, parte de @RedMiVoz, la red de medios digitales con mayor cobertura en #Chile. #LaRegionEsTuya"
